{
    "calculated_error_matrix_camera_to_lidar": {
        "sensor_name": "top_center_lidar",
        "camera_name": "camera1",
        "intrinsic_data": [
            [
                3398.68365,
                0.0,
                1036.84001
            ],
            [
                0.0,
                3405.38614,
                537.88332
            ],
            [
                0.0,
                0.0,
                1.0
            ]
        ],
        "extrinsic_data": [
            [
                0.04238995689928249,
                -0.998721880260462,
                0.027526304566432125,
                -0.18774084658543377
            ],
            [
                0.01611893904388073,
                -0.026863846984257533,
                -0.9995091362910625,
                -0.4200802318394925
            ],
            [
                0.9989711063680352,
                0.04281284403322705,
                0.014959579793896616,
                -0.7832935349809205
            ],
            [
                0.0,
                0.0,
                0.0,
                1.0
            ]
        ],
        "rotation": [
            [
                0.04238995689928249,
                -0.998721880260462,
                0.027526304566432125
            ],
            [
                0.01611893904388073,
                -0.026863846984257533,
                -0.9995091362910625
            ],
            [
                0.9989711063680352,
                0.04281284403322705,
                0.014959579793896616
            ]
        ],
        "translation": [
            -0.18774084658543377,
            -0.4200802318394925,
            -0.7832935349809205
        ],
        "error": {
            "data": 175.6602176970413
        }
    }
}