{
    "calculated_error_matrix_camera_to_lidar": {
        "sensor_name": "top_center_lidar",
        "camera_name": "camera1",
        "intrinsic_data": [
            [
                1172.76043,
                0.0,
                945.13741
            ],
            [
                0.0,
                1178.83806,
                554.10384
            ],
            [
                0.0,
                0.0,
                1.0
            ]
        ],
        "extrinsic_data": [
            [
                0.9389197235426141,
                -0.34139197419998335,
                -0.04337364054928558,
                -0.10507831268793177
            ],
            [
                -0.07641595442628621,
                -0.08393618514075904,
                -0.9935367727130867,
                -0.27580754920452943
            ],
            [
                0.3355448623534273,
                0.9361657101047088,
                -0.10489713328954897,
                -0.8390696199367191
            ],
            [
                0.0,
                0.0,
                0.0,
                1.0
            ]
        ],
        "rotation": [
            [
                0.9389197235426141,
                -0.34139197419998335,
                -0.04337364054928558
            ],
            [
                -0.07641595442628621,
                -0.08393618514075904,
                -0.9935367727130867
            ],
            [
                0.3355448623534273,
                0.9361657101047088,
                -0.10489713328954897
            ]
        ],
        "translation": [
            -0.10507831268793177,
            -0.27580754920452943,
            -0.8390696199367191
        ],
        "error": {
            "data": 1189.3099906713805
        }
    }
}